{
 "Mercury": {
  "a": 0.38709843,
  "e": 0.20563661,
  "I": 7.00559432,
  "L": 252.25166724,
  "varpi": 77.45771895,
  "Omega": 48.33961819,
  "aDot": 0.0,
  "eDot": 2.123e-05,
  "IDot": -0.00590158,
  "LDot": 149472.67486623,
  "varpiDot": 0.15940013,
  "OmegaDot": -0.12214182
 },
 "Venus": {
  "a": 0.72332102,
  "e": 0.00676399,
  "I": 3.39777545,
  "L": 181.9797085,
  "varpi": 131.76755713,
  "Omega": 76.67261496,
  "aDot": -2.6e-07,
  "eDot": -5.107e-05,
  "IDot": 0.00043494,
  "LDot": 58517.8156026,
  "varpiDot": 0.05679648,
  "OmegaDot": -0.27274174
 },
 "EM Bary": {
  "a": 1.00000018,
  "e": 0.01673163,
  "I": -0.00054346,
  "L": 100.46691572,
  "varpi": 102.93005885,
  "Omega": -5.11260389,
  "aDot": -3e-08,
  "eDot": -3.661e-05,
  "IDot": -0.01337178,
  "LDot": 35999.37306329,
  "varpiDot": 0.3179526,
  "OmegaDot": -0.24123856
 },
 "Mars": {
  "a": 1.52371243,
  "e": 0.09336511,
  "I": 1.85181869,
  "L": -4.56813164,
  "varpi": -23.91744784,
  "Omega": 49.71320984,
  "aDot": 9.7e-07,
  "eDot": 9.149e-05,
  "IDot": -0.00724757,
  "LDot": 19140.29934243,
  "varpiDot": 0.45223625,
  "OmegaDot": -0.26852431
 },
 "Jupiter": {
  "a": 5.20248019,
  "e": 0.0485359,
  "I": 1.29861416,
  "L": 34.33479152,
  "varpi": 14.27495244,
  "Omega": 100.29282654,
  "aDot": -2.864e-05,
  "eDot": 0.00018026,
  "IDot": -0.00322699,
  "LDot": 3034.90371757,
  "varpiDot": 0.18199196,
  "OmegaDot": 0.13024619
 },
 "Saturn": {
  "a": 9.54149883,
  "e": 0.05550825,
  "I": 2.49424102,
  "L": 50.07571329,
  "varpi": 92.86136063,
  "Omega": 113.63998702,
  "aDot": -3.065e-05,
  "eDot": -0.00032044,
  "IDot": 0.00451969,
  "LDot": 1222.11494724,
  "varpiDot": 0.54179478,
  "OmegaDot": -0.25015002
 },
 "Uranus": {
  "a": 19.18797948,
  "e": 0.0468574,
  "I": 0.77298127,
  "L": 314.20276625,
  "varpi": 172.43404441,
  "Omega": 73.96250215,
  "aDot": -0.00020455,
  "eDot": -1.55e-05,
  "IDot": -0.00180155,
  "LDot": 428.49512595,
  "varpiDot": 0.09266985,
  "OmegaDot": 0.05739699
 },
 "Neptune": {
  "a": 30.06992276,
  "e": 0.00859048,
  "I": 1.77004347,
  "L": -55.12002969,
  "varpi": 44.96476227,
  "Omega": 131.78422574,
  "aDot": 0.00026291,
  "eDot": 5.105e-05,
  "IDot": 0.00035372,
  "LDot": 218.45945325,
  "varpiDot": -0.32241464,
  "OmegaDot": -0.00508664
 }
}